release_id	filename_id	version_file	news_top	sig	bundle	verdict	note
1996l	1996l	-	-	unverified	pair_only	legacy_unstructured	only filename tag (no version file, no NEWS heading)
1996n	1996n	-	-	unverified	pair_only	legacy_unstructured	only filename tag (no version file, no NEWS heading)
1997a	1997a	-	-	unverified	pair_only	legacy_unstructured	only filename tag (no version file, no NEWS heading)
1997b	1997b	-	-	unverified	pair_only	legacy_unstructured	only filename tag (no version file, no NEWS heading)
1997c	1997c	-	-	unverified	pair_only	legacy_unstructured	only filename tag (no version file, no NEWS heading)
1997d	1997d	-	-	unverified	pair_only	legacy_unstructured	only filename tag (no version file, no NEWS heading)
1997e	1997e	-	-	unverified	pair_only	legacy_unstructured	only filename tag (no version file, no NEWS heading)
1997f	1997f	-	-	unverified	pair_only	legacy_unstructured	only filename tag (no version file, no NEWS heading)
1997g	1997g	-	-	unverified	pair_only	legacy_unstructured	only filename tag (no version file, no NEWS heading)
1997h	1997h	-	-	unverified	pair_only	legacy_unstructured	only filename tag (no version file, no NEWS heading)
1997i	1997i	-	-	unverified	pair_only	legacy_unstructured	only filename tag (no version file, no NEWS heading)
1997j	1997j	-	-	unverified	pair_only	legacy_unstructured	only filename tag (no version file, no NEWS heading)
1997k	1997k	-	-	unverified	pair_only	legacy_unstructured	only filename tag (no version file, no NEWS heading)
1998a	1998a	-	-	unverified	pair_only	legacy_unstructured	only filename tag (no version file, no NEWS heading)
1998b	1998b	-	-	unverified	pair_only	legacy_unstructured	only filename tag (no version file, no NEWS heading)
1998c	1998c	-	-	unverified	pair_only	legacy_unstructured	only filename tag (no version file, no NEWS heading)
1998d	1998d	-	-	unverified	pair_only	legacy_unstructured	only filename tag (no version file, no NEWS heading)
1998e	1998e	-	-	unverified	pair_only	legacy_unstructured	only filename tag (no version file, no NEWS heading)
1998h	1998h	-	-	unverified	pair_only	legacy_unstructured	only filename tag (no version file, no NEWS heading)
1998i	1998i	-	-	unverified	pair_only	legacy_unstructured	only filename tag (no version file, no NEWS heading)
1999a	1999a	-	-	unverified	pair_only	legacy_unstructured	only filename tag (no version file, no NEWS heading)
1999b	1999b	-	-	unverified	pair_only	legacy_unstructured	only filename tag (no version file, no NEWS heading)
1999c	1999c	-	-	unverified	pair_only	legacy_unstructured	only filename tag (no version file, no NEWS heading)
1999d	1999d	-	-	unverified	pair_only	legacy_unstructured	only filename tag (no version file, no NEWS heading)
1999e	1999e	-	-	unverified	pair_only	legacy_unstructured	only filename tag (no version file, no NEWS heading)
1999f	1999f	-	-	unverified	pair_only	legacy_unstructured	only filename tag (no version file, no NEWS heading)
1999g	1999g	-	-	unverified	pair_only	legacy_unstructured	only filename tag (no version file, no NEWS heading)
1999h	1999h	-	-	unverified	pair_only	legacy_unstructured	only filename tag (no version file, no NEWS heading)
1999i	1999i	-	-	unverified	pair_only	legacy_unstructured	only filename tag (no version file, no NEWS heading)
1999j	1999j	-	-	unverified	pair_only	legacy_unstructured	only filename tag (no version file, no NEWS heading)
2000a	2000a	-	-	unverified	pair_only	legacy_unstructured	only filename tag (no version file, no NEWS heading)
2000b	2000b	-	-	unverified	pair_only	legacy_unstructured	only filename tag (no version file, no NEWS heading)
2000c	2000c	-	-	unverified	pair_only	legacy_unstructured	only filename tag (no version file, no NEWS heading)
2000d	2000d	-	-	unverified	pair_only	legacy_unstructured	only filename tag (no version file, no NEWS heading)
2000e	2000e	-	-	unverified	pair_only	legacy_unstructured	only filename tag (no version file, no NEWS heading)
2000f	2000f	-	-	unverified	pair_only	legacy_unstructured	only filename tag (no version file, no NEWS heading)
2000g	2000g	-	-	unverified	pair_only	legacy_unstructured	only filename tag (no version file, no NEWS heading)
2000h	2000h	-	-	unverified	pair_only	legacy_unstructured	only filename tag (no version file, no NEWS heading)
2001a	2001a	-	-	unverified	pair_only	legacy_unstructured	only filename tag (no version file, no NEWS heading)
2001b	2001b	-	-	unverified	pair_only	legacy_unstructured	only filename tag (no version file, no NEWS heading)
2001c	2001c	-	-	unverified	pair_only	legacy_unstructured	only filename tag (no version file, no NEWS heading)
2001d	2001d	-	-	unverified	pair_only	legacy_unstructured	only filename tag (no version file, no NEWS heading)
2002b	2002b	-	-	unverified	pair_only	legacy_unstructured	only filename tag (no version file, no NEWS heading)
2002c	2002c	-	-	unverified	pair_only	legacy_unstructured	only filename tag (no version file, no NEWS heading)
2002d	2002d	-	-	unverified	pair_only	legacy_unstructured	only filename tag (no version file, no NEWS heading)
2003a	2003a	-	-	unverified	pair_only	legacy_unstructured	only filename tag (no version file, no NEWS heading)
2003b	2003b	-	-	unverified	pair_only	legacy_unstructured	only filename tag (no version file, no NEWS heading)
2003c	2003c	-	-	unverified	pair_only	legacy_unstructured	only filename tag (no version file, no NEWS heading)
2003d	2003d	-	-	unverified	pair_only	legacy_unstructured	only filename tag (no version file, no NEWS heading)
2003e	2003e	-	-	unverified	pair_only	legacy_unstructured	only filename tag (no version file, no NEWS heading)
2004a	2004a	-	-	unverified	pair_only	legacy_unstructured	only filename tag (no version file, no NEWS heading)
2004b	2004b	-	-	unverified	pair_only	legacy_unstructured	only filename tag (no version file, no NEWS heading)
2004d	2004d	-	-	unverified	pair_only	legacy_unstructured	only filename tag (no version file, no NEWS heading)
2004e	2004e	-	-	unverified	pair_only	legacy_unstructured	only filename tag (no version file, no NEWS heading)
2004g	2004g	-	-	unverified	pair_only	legacy_unstructured	only filename tag (no version file, no NEWS heading)
2005a	2005a	-	-	unverified	pair_only	legacy_unstructured	only filename tag (no version file, no NEWS heading)
2005b	2005b	-	-	unverified	pair_only	legacy_unstructured	only filename tag (no version file, no NEWS heading)
2005c	2005c	-	-	unverified	pair_only	legacy_unstructured	only filename tag (no version file, no NEWS heading)
2005e	2005e	-	-	unverified	pair_only	legacy_unstructured	only filename tag (no version file, no NEWS heading)
2005f	2005f	-	-	unverified	pair_only	legacy_unstructured	only filename tag (no version file, no NEWS heading)
2005g	2005g	-	-	unverified	pair_only	legacy_unstructured	only filename tag (no version file, no NEWS heading)
2005h	2005h	-	-	unverified	pair_only	legacy_unstructured	only filename tag (no version file, no NEWS heading)
2005i	2005i	-	-	unverified	pair_only	legacy_unstructured	only filename tag (no version file, no NEWS heading)
2005j	2005j	-	-	unverified	pair_only	legacy_unstructured	only filename tag (no version file, no NEWS heading)
2005k	2005k	-	-	unverified	pair_only	legacy_unstructured	only filename tag (no version file, no NEWS heading)
2005l	2005l	-	-	unverified	pair_only	legacy_unstructured	only filename tag (no version file, no NEWS heading)
2005m	2005m	-	-	unverified	pair_only	legacy_unstructured	only filename tag (no version file, no NEWS heading)
2005n	2005n	-	-	unverified	pair_only	legacy_unstructured	only filename tag (no version file, no NEWS heading)
2005o	2005o	-	-	unverified	pair_only	legacy_unstructured	only filename tag (no version file, no NEWS heading)
2005p	2005p	-	-	unverified	pair_only	legacy_unstructured	only filename tag (no version file, no NEWS heading)
2005q	2005q	-	-	unverified	pair_only	legacy_unstructured	only filename tag (no version file, no NEWS heading)
2005r	2005r	-	-	unverified	pair_only	legacy_unstructured	only filename tag (no version file, no NEWS heading)
2006a	2006a	-	-	unverified	pair_only	legacy_unstructured	only filename tag (no version file, no NEWS heading)
2006b	2006b	-	-	unverified	pair_only	legacy_unstructured	only filename tag (no version file, no NEWS heading)
2006c	2006c	-	-	unverified	pair_only	legacy_unstructured	only filename tag (no version file, no NEWS heading)
2006d	2006d	-	-	unverified	pair_only	legacy_unstructured	only filename tag (no version file, no NEWS heading)
2006f	2006f	-	-	unverified	pair_only	legacy_unstructured	only filename tag (no version file, no NEWS heading)
2006g	2006g	-	-	unverified	pair_only	legacy_unstructured	only filename tag (no version file, no NEWS heading)
2006j	2006j	-	-	unverified	pair_only	legacy_unstructured	only filename tag (no version file, no NEWS heading)
2006k	2006k	-	-	unverified	pair_only	legacy_unstructured	only filename tag (no version file, no NEWS heading)
2006l	2006l	-	-	unverified	pair_only	legacy_unstructured	only filename tag (no version file, no NEWS heading)
2006m	2006m	-	-	unverified	pair_only	legacy_unstructured	only filename tag (no version file, no NEWS heading)
2006n	2006n	-	-	unverified	pair_only	legacy_unstructured	only filename tag (no version file, no NEWS heading)
2006o	2006o	-	-	unverified	pair_only	legacy_unstructured	only filename tag (no version file, no NEWS heading)
2006p	2006p	-	-	unverified	pair_only	legacy_unstructured	only filename tag (no version file, no NEWS heading)
2007a	2007a	-	-	unverified	pair_only	legacy_unstructured	only filename tag (no version file, no NEWS heading)
2007b	2007b	-	-	unverified	pair_only	legacy_unstructured	only filename tag (no version file, no NEWS heading)
2007c	2007c	-	-	unverified	pair_only	legacy_unstructured	only filename tag (no version file, no NEWS heading)
2007d	2007d	-	-	unverified	pair_only	legacy_unstructured	only filename tag (no version file, no NEWS heading)
2007e	2007e	-	-	unverified	pair_only	legacy_unstructured	only filename tag (no version file, no NEWS heading)
2007f	2007f	-	-	unverified	pair_only	legacy_unstructured	only filename tag (no version file, no NEWS heading)
2007g	2007g	-	-	unverified	pair_only	legacy_unstructured	only filename tag (no version file, no NEWS heading)
2007h	2007h	-	-	unverified	pair_only	legacy_unstructured	only filename tag (no version file, no NEWS heading)
2007i	2007i	-	-	unverified	pair_only	legacy_unstructured	only filename tag (no version file, no NEWS heading)
2007j	2007j	-	-	unverified	pair_only	legacy_unstructured	only filename tag (no version file, no NEWS heading)
2007k	2007k	-	-	unverified	pair_only	legacy_unstructured	only filename tag (no version file, no NEWS heading)
2008a	2008a	-	-	unverified	pair_only	legacy_unstructured	only filename tag (no version file, no NEWS heading)
2008b	2008b	-	-	unverified	pair_only	legacy_unstructured	only filename tag (no version file, no NEWS heading)
2008c	2008c	-	-	unverified	pair_only	legacy_unstructured	only filename tag (no version file, no NEWS heading)
2008d	2008d	-	-	unverified	pair_only	legacy_unstructured	only filename tag (no version file, no NEWS heading)
2008e	2008e	-	-	unverified	pair_only	legacy_unstructured	only filename tag (no version file, no NEWS heading)
2008f	2008f	-	-	unverified	pair_only	legacy_unstructured	only filename tag (no version file, no NEWS heading)
2008g	2008g	-	-	unverified	pair_only	legacy_unstructured	only filename tag (no version file, no NEWS heading)
2008h	2008h	-	-	unverified	pair_only	legacy_unstructured	only filename tag (no version file, no NEWS heading)
2008i	2008i	-	-	unverified	pair_only	legacy_unstructured	only filename tag (no version file, no NEWS heading)
2009a	2009a	-	-	unverified	pair_only	legacy_unstructured	only filename tag (no version file, no NEWS heading)
2009b	2009b	-	-	unverified	pair_only	legacy_unstructured	only filename tag (no version file, no NEWS heading)
2009c	2009c	-	-	unverified	pair_only	legacy_unstructured	only filename tag (no version file, no NEWS heading)
2009d	2009d	-	-	unverified	pair_only	legacy_unstructured	only filename tag (no version file, no NEWS heading)
2009e	2009e	-	-	unverified	pair_only	legacy_unstructured	only filename tag (no version file, no NEWS heading)
2009f	2009f	-	-	unverified	pair_only	legacy_unstructured	only filename tag (no version file, no NEWS heading)
2009g	2009g	-	-	unverified	pair_only	legacy_unstructured	only filename tag (no version file, no NEWS heading)
2009h	2009h	-	-	unverified	pair_only	legacy_unstructured	only filename tag (no version file, no NEWS heading)
2009i	2009i	-	-	unverified	pair_only	legacy_unstructured	only filename tag (no version file, no NEWS heading)
2009j	2009j	-	-	unverified	pair_only	legacy_unstructured	only filename tag (no version file, no NEWS heading)
2009k	2009k	-	-	unverified	pair_only	legacy_unstructured	only filename tag (no version file, no NEWS heading)
2009l	2009l	-	-	unverified	pair_only	legacy_unstructured	only filename tag (no version file, no NEWS heading)
2009m	2009m	-	-	unverified	pair_only	legacy_unstructured	only filename tag (no version file, no NEWS heading)
2009n	2009n	-	-	unverified	pair_only	legacy_unstructured	only filename tag (no version file, no NEWS heading)
2009o	2009o	-	-	unverified	pair_only	legacy_unstructured	only filename tag (no version file, no NEWS heading)
2009p	2009p	-	-	unverified	pair_only	legacy_unstructured	only filename tag (no version file, no NEWS heading)
2009q	2009q	-	-	unverified	pair_only	legacy_unstructured	only filename tag (no version file, no NEWS heading)
2009r	2009r	-	-	unverified	pair_only	legacy_unstructured	only filename tag (no version file, no NEWS heading)
2009s	2009s	-	-	unverified	pair_only	legacy_unstructured	only filename tag (no version file, no NEWS heading)
2009t	2009t	-	-	unverified	pair_only	legacy_unstructured	only filename tag (no version file, no NEWS heading)
2009u	2009u	-	-	unverified	pair_only	legacy_unstructured	only filename tag (no version file, no NEWS heading)
2010a	2010a	-	-	unverified	pair_only	legacy_unstructured	only filename tag (no version file, no NEWS heading)
2010b	2010b	-	-	unverified	pair_only	legacy_unstructured	only filename tag (no version file, no NEWS heading)
2010c	2010c	-	-	unverified	pair_only	legacy_unstructured	only filename tag (no version file, no NEWS heading)
2010d	2010d	-	-	unverified	pair_only	legacy_unstructured	only filename tag (no version file, no NEWS heading)
2010e	2010e	-	-	unverified	pair_only	legacy_unstructured	only filename tag (no version file, no NEWS heading)
2010f	2010f	-	-	unverified	pair_only	legacy_unstructured	only filename tag (no version file, no NEWS heading)
2010g	2010g	-	-	unverified	pair_only	legacy_unstructured	only filename tag (no version file, no NEWS heading)
2010h	2010h	-	-	unverified	pair_only	legacy_unstructured	only filename tag (no version file, no NEWS heading)
2010i	2010i	-	-	unverified	pair_only	legacy_unstructured	only filename tag (no version file, no NEWS heading)
2010j	2010j	-	-	unverified	pair_only	legacy_unstructured	only filename tag (no version file, no NEWS heading)
2010k	2010k	-	-	unverified	pair_only	legacy_unstructured	only filename tag (no version file, no NEWS heading)
2010l	2010l	-	-	unverified	pair_only	legacy_unstructured	only filename tag (no version file, no NEWS heading)
2010m	2010m	-	-	unverified	pair_only	legacy_unstructured	only filename tag (no version file, no NEWS heading)
2010n	2010n	-	-	unverified	pair_only	legacy_unstructured	only filename tag (no version file, no NEWS heading)
2010o	2010o	-	-	unverified	pair_only	legacy_unstructured	only filename tag (no version file, no NEWS heading)
2011a	2011a	-	-	unverified	pair_only	legacy_unstructured	only filename tag (no version file, no NEWS heading)
2011b	2011b	-	-	unverified	pair_only	legacy_unstructured	only filename tag (no version file, no NEWS heading)
2011c	2011c	-	-	unverified	pair_only	legacy_unstructured	only filename tag (no version file, no NEWS heading)
2011d	2011d	-	-	unverified	pair_only	legacy_unstructured	only filename tag (no version file, no NEWS heading)
2011e	2011e	-	-	unverified	pair_only	legacy_unstructured	only filename tag (no version file, no NEWS heading)
2011f	2011f	-	-	unverified	pair_only	legacy_unstructured	only filename tag (no version file, no NEWS heading)
2011g	2011g	-	-	unverified	pair_only	legacy_unstructured	only filename tag (no version file, no NEWS heading)
2011h	2011h	-	-	unverified	pair_only	legacy_unstructured	only filename tag (no version file, no NEWS heading)
2011i	2011i	-	-	unverified	pair_only	legacy_unstructured	only filename tag (no version file, no NEWS heading)
2011j	2011j	-	-	unverified	pair_only	legacy_unstructured	only filename tag (no version file, no NEWS heading)
2011k	2011k	-	-	unverified	pair_only	legacy_unstructured	only filename tag (no version file, no NEWS heading)
2011l	2011l	-	-	unverified	pair_only	legacy_unstructured	only filename tag (no version file, no NEWS heading)
2011m	2011m	-	-	unverified	pair_only	legacy_unstructured	only filename tag (no version file, no NEWS heading)
2011n	2011n	-	-	unverified	pair_only	legacy_unstructured	only filename tag (no version file, no NEWS heading)
2012a	2012a	-	-	unverified	pair_only	legacy_unstructured	only filename tag (no version file, no NEWS heading)
2012b	2012b	-	-	unverified	pair_only	legacy_unstructured	only filename tag (no version file, no NEWS heading)
2012c	2012c	-	-	unverified	pair_only	legacy_unstructured	only filename tag (no version file, no NEWS heading)
2012d	2012d	-	-	unverified	pair_only	legacy_unstructured	only filename tag (no version file, no NEWS heading)
2012e	2012e	-	-	unverified	pair_only	legacy_unstructured	only filename tag (no version file, no NEWS heading)
2012f	2012f	-	-	unverified	pair_only	legacy_unstructured	only filename tag (no version file, no NEWS heading)
2012g	2012g	-	-	unverified	pair_only	legacy_unstructured	only filename tag (no version file, no NEWS heading)
2012h	2012h	-	-	unverified	pair_only	legacy_unstructured	only filename tag (no version file, no NEWS heading)
2012i	2012i	-	-	unverified	pair_only	legacy_unstructured	only filename tag (no version file, no NEWS heading)
2012j	2012j	-	-	unverified	pair_only	legacy_unstructured	only filename tag (no version file, no NEWS heading)
2013a	2013a	-	-	unverified	pair_only	legacy_unstructured	only filename tag (no version file, no NEWS heading)
2013b	2013b	-	-	unverified	pair_only	legacy_unstructured	only filename tag (no version file, no NEWS heading)
2013c	2013c	-	-	unverified	pair_only	legacy_unstructured	only filename tag (no version file, no NEWS heading)
2013d	2013d	-	-	unverified	pair_only	legacy_unstructured	only filename tag (no version file, no NEWS heading)
2013e	2013e	-	-	unverified	pair_only	legacy_unstructured	only filename tag (no version file, no NEWS heading)
2013f	2013f	-	-	unverified	pair_only	legacy_unstructured	only filename tag (no version file, no NEWS heading)
2013g	2013g	-	-	unverified	pair_only	legacy_unstructured	only filename tag (no version file, no NEWS heading)
2013h	2013h	-	-	unverified	pair_only	legacy_unstructured	only filename tag (no version file, no NEWS heading)
2013i	2013i	-	-	unverified	pair_only	legacy_unstructured	only filename tag (no version file, no NEWS heading)
2014a	2014a	-	-	unverified	pair_only	legacy_unstructured	only filename tag (no version file, no NEWS heading)
2014b	2014b	-	-	unverified	pair_only	legacy_unstructured	only filename tag (no version file, no NEWS heading)
2014c	2014c	-	-	unverified	pair_only	legacy_unstructured	only filename tag (no version file, no NEWS heading)
2014d	2014d	-	-	unverified	pair_only	legacy_unstructured	only filename tag (no version file, no NEWS heading)
2014e	2014e	-	-	unverified	pair_only	legacy_unstructured	only filename tag (no version file, no NEWS heading)
2014f	2014f	-	-	unverified	pair_only	legacy_unstructured	only filename tag (no version file, no NEWS heading)
2014g	2014g	-	2014g	unverified	pair_only	consistent	all present surfaces agree on '2014g'
2014h	2014h	-	2014h	unverified	pair_only	consistent	all present surfaces agree on '2014h'
2014i	2014i	-	2014i	unverified	pair_only	consistent	all present surfaces agree on '2014i'
2014j	2014j	-	2014j	unverified	pair_only	consistent	all present surfaces agree on '2014j'
2015a	2015a	-	2015a	unverified	pair_only	consistent	all present surfaces agree on '2015a'
2015b	2015b	-	2015b	unverified	pair_only	consistent	all present surfaces agree on '2015b'
2015c	2015c	-	2015c	unverified	pair_only	consistent	all present surfaces agree on '2015c'
2015d	2015d	-	2015d	unverified	pair_only	consistent	all present surfaces agree on '2015d'
2015e	2015e	-	2015e	unverified	pair_only	consistent	all present surfaces agree on '2015e'
2015f	2015f	-	2015f	unverified	pair_only	consistent	all present surfaces agree on '2015f'
2015g	2015g	-	2015g	GOODSIG	pair_only	consistent	all present surfaces agree on '2015g'
2016a	2016a	-	2016a	unverified	pair_only	consistent	all present surfaces agree on '2016a'
2016b	2016b	-	2016b	unverified	pair_only	consistent	all present surfaces agree on '2016b'
2016c	2016c	-	2016c	unverified	pair_only	consistent	all present surfaces agree on '2016c'
2016d	2016d	-	2016d	unverified	pair_only	consistent	all present surfaces agree on '2016d'
2016e	2016e	-	2016e	unverified	pair_only	consistent	all present surfaces agree on '2016e'
2016f	2016f	-	2016f	unverified	pair_only	consistent	all present surfaces agree on '2016f'
2016g	2016g	-	2016g	unverified	bundle+pair	consistent	all present surfaces agree on '2016g'
2016h	2016h	2016h	2016h	unverified	bundle+pair	consistent	all present surfaces agree on '2016h'
2016i	2016i	2016i	2016i	unverified	bundle+pair	consistent	all present surfaces agree on '2016i'
2016j	2016j	2016j	2016j	unverified	bundle+pair	consistent	all present surfaces agree on '2016j'
2017a	2017a	2017a	2017a	unverified	bundle+pair	consistent	all present surfaces agree on '2017a'
2017b	2017b	2017b	2017b	unverified	bundle+pair	consistent	all present surfaces agree on '2017b'
2017c	2017c	2017c	2017c	unverified	bundle+pair	consistent	all present surfaces agree on '2017c'
2018a	2018a	2018a	2018a	unverified	bundle+pair	consistent	all present surfaces agree on '2018a'
2018b	2018b	2018b	2018b	unverified	bundle+pair	consistent	all present surfaces agree on '2018b'
2018c	2018c	2018c	2018c	unverified	bundle+pair	consistent	all present surfaces agree on '2018c'
2018d	2018d	2018d	2018d	unverified	bundle+pair	consistent	all present surfaces agree on '2018d'
2018e	2018e	2018e	2018e	GOODSIG	bundle+pair	consistent	all present surfaces agree on '2018e'
2018f	2018f	2018f	2018f	unverified	bundle+pair	consistent	all present surfaces agree on '2018f'
2018g	2018g	2018g	2018g	unverified	bundle+pair	consistent	all present surfaces agree on '2018g'
2018h	2018h	2018h	2018h	unverified	bundle+pair	consistent	all present surfaces agree on '2018h'
2018i	2018i	2018i	2018i	unverified	bundle+pair	consistent	all present surfaces agree on '2018i'
2019a	2019a	2019a	20198	unverified	bundle+pair	minor_metadata_contradiction	NEWS heading '20198' lags the version tag '2019a' (changelog surface)
2019b	2019b	2019b	2019b	unverified	bundle+pair	consistent	all present surfaces agree on '2019b'
2019c	2019c	2019c	2019c	unverified	bundle+pair	consistent	all present surfaces agree on '2019c'
2020a	2020a	2020a	2020a	GOODSIG	bundle+pair	consistent	all present surfaces agree on '2020a'
2020b	2020b	2020b	2020b	unverified	bundle+pair	consistent	all present surfaces agree on '2020b'
2020c	2020c	2020c	2020c	unverified	bundle+pair	consistent	all present surfaces agree on '2020c'
2020d	2020d	2020d	2020d	unverified	bundle+pair	consistent	all present surfaces agree on '2020d'
2020e	2020e	2020e	2020e	unverified	bundle+pair	consistent	all present surfaces agree on '2020e'
2020f	2020f	2020f	2020f	unverified	bundle+pair	consistent	all present surfaces agree on '2020f'
2021a	2021a	2021a	2021a	unverified	bundle+pair	consistent	all present surfaces agree on '2021a'
2021b	2021b	2021b	2021b	unverified	bundle+pair	consistent	all present surfaces agree on '2021b'
2021c	2021c	2021c	2021c	unverified	bundle+pair	consistent	all present surfaces agree on '2021c'
2021d	2021d	2021d	2021d	unverified	bundle+pair	consistent	all present surfaces agree on '2021d'
2021e	2021e	2021e	2021e	unverified	bundle+pair	consistent	all present surfaces agree on '2021e'
2022a	2022a	2022a	2022a	unverified	bundle+pair	consistent	all present surfaces agree on '2022a'
2022b	2022b	2022b	2022b	unverified	bundle+pair	consistent	all present surfaces agree on '2022b'
2022c	2022c	2022c	2022c	unverified	bundle+pair	consistent	all present surfaces agree on '2022c'
2022d	2022d	2022d	2022d	unverified	bundle+pair	consistent	all present surfaces agree on '2022d'
2022e	2022e	2022e	2022e	unverified	bundle+pair	consistent	all present surfaces agree on '2022e'
2022f	2022f	2022f	2022f	unverified	bundle+pair	consistent	all present surfaces agree on '2022f'
2022g	2022g	2022g	2022g	unverified	bundle+pair	consistent	all present surfaces agree on '2022g'
2023a	2023a	2023a	2023a	unverified	bundle+pair	consistent	all present surfaces agree on '2023a'
2023b	2023b	2023b	2023b	unverified	bundle+pair	consistent	all present surfaces agree on '2023b'
2023c	2023c	2023c	2023c	unverified	bundle+pair	consistent	all present surfaces agree on '2023c'
2023d	2023d	2023d	2023d	unverified	bundle+pair	consistent	all present surfaces agree on '2023d'
2024a	2024a	2024a	2024a	GOODSIG	bundle+pair	consistent	all present surfaces agree on '2024a'
2024b	2024b	2024b	2024b	unverified	bundle+pair	consistent	all present surfaces agree on '2024b'
2025a	2025a	2025a	2025a	unverified	bundle+pair	consistent	all present surfaces agree on '2025a'
2025b	2025b	2025b	2025b	GOODSIG	bundle+pair	consistent	all present surfaces agree on '2025b'
2025c	2025c	2025c	2025c	unverified	bundle+pair	consistent	all present surfaces agree on '2025c'
2026a	2026a	2026a	2026a	GOODSIG	bundle+pair	consistent	all present surfaces agree on '2026a'
2026b	2026b	2026b	2026a	GOODSIG	bundle+pair	minor_metadata_contradiction	NEWS heading '2026a' lags the version tag '2026b' (changelog surface)
93b	93b	-	-	unverified	pair_only	legacy_unstructured	only filename tag (no version file, no NEWS heading)
93c	93c	-	-	unverified	pair_only	legacy_unstructured	only filename tag (no version file, no NEWS heading)
93d	93d	-	-	unverified	pair_only	legacy_unstructured	only filename tag (no version file, no NEWS heading)
93e	93e	-	-	unverified	pair_only	legacy_unstructured	only filename tag (no version file, no NEWS heading)
93f	93f	-	-	unverified	pair_only	legacy_unstructured	only filename tag (no version file, no NEWS heading)
93g	93g	-	-	unverified	pair_only	legacy_unstructured	only filename tag (no version file, no NEWS heading)
94a	94a	-	-	unverified	pair_only	legacy_unstructured	only filename tag (no version file, no NEWS heading)
94b	94b	-	-	unverified	pair_only	legacy_unstructured	only filename tag (no version file, no NEWS heading)
94d	94d	-	-	unverified	pair_only	legacy_unstructured	only filename tag (no version file, no NEWS heading)
94e	94e	-	-	unverified	pair_only	legacy_unstructured	only filename tag (no version file, no NEWS heading)
94f	94f	-	-	unverified	pair_only	legacy_unstructured	only filename tag (no version file, no NEWS heading)
94h	94h	-	-	unverified	pair_only	legacy_unstructured	only filename tag (no version file, no NEWS heading)
95b	95b	-	-	unverified	pair_only	legacy_unstructured	only filename tag (no version file, no NEWS heading)
95c	95c	-	-	unverified	pair_only	legacy_unstructured	only filename tag (no version file, no NEWS heading)
95d	95d	-	-	unverified	pair_only	legacy_unstructured	only filename tag (no version file, no NEWS heading)
95e	95e	-	-	unverified	pair_only	legacy_unstructured	only filename tag (no version file, no NEWS heading)
95f	95f	-	-	unverified	pair_only	legacy_unstructured	only filename tag (no version file, no NEWS heading)
95g	95g	-	-	unverified	pair_only	legacy_unstructured	only filename tag (no version file, no NEWS heading)
95h	95h	-	-	unverified	pair_only	legacy_unstructured	only filename tag (no version file, no NEWS heading)
95i	95i	-	-	unverified	pair_only	legacy_unstructured	only filename tag (no version file, no NEWS heading)
95k	95k	-	-	unverified	pair_only	legacy_unstructured	only filename tag (no version file, no NEWS heading)
95l	95l	-	-	unverified	pair_only	legacy_unstructured	only filename tag (no version file, no NEWS heading)
95m	95m	-	-	unverified	pair_only	legacy_unstructured	only filename tag (no version file, no NEWS heading)
96a	96a	-	-	unverified	pair_only	legacy_unstructured	only filename tag (no version file, no NEWS heading)
96b	96b	-	-	unverified	pair_only	legacy_unstructured	only filename tag (no version file, no NEWS heading)
96c	96c	-	-	unverified	pair_only	legacy_unstructured	only filename tag (no version file, no NEWS heading)
96d	96d	-	-	unverified	pair_only	legacy_unstructured	only filename tag (no version file, no NEWS heading)
96e	96e	-	-	unverified	pair_only	legacy_unstructured	only filename tag (no version file, no NEWS heading)
96h	96h	-	-	unverified	pair_only	legacy_unstructured	only filename tag (no version file, no NEWS heading)
96i	96i	-	-	unverified	pair_only	legacy_unstructured	only filename tag (no version file, no NEWS heading)
96k	96k	-	-	unverified	pair_only	legacy_unstructured	only filename tag (no version file, no NEWS heading)
