release_id	archive	sha256	sig	source_files	ref_compile	zrs_compile	ref_files	zrs_files	fix_avail	fix_match	zdump_mismatch	verdict	finding
1996l	tzdata1996l.tar.gz	623a48745864731e…	no_signature_available	9	fail	ok	0	456	0/7	0	0	reference-build-incompatible	-
1996n	tzdata1996n.tar.gz	9f26873c22d1cb31…	no_signature_available	9	fail	ok	0	469	0/7	0	0	reference-build-incompatible	-
1997a	tzdata1997a.tar.gz	5713250de4af5a0c…	no_signature_available	9	fail	ok	0	471	0/7	0	0	reference-build-incompatible	-
1997b	tzdata1997b.tar.gz	8a6c0801bb247434…	no_signature_available	9	fail	ok	0	471	0/7	0	0	reference-build-incompatible	-
1997c	tzdata1997c.tar.gz	ed75b22a4c854aef…	no_signature_available	9	fail	ok	0	471	0/7	0	0	reference-build-incompatible	-
1997d	tzdata1997d.tar.gz	05733d47c02b294d…	no_signature_available	9	fail	ok	0	471	0/7	0	0	reference-build-incompatible	-
1997e	tzdata1997e.tar.gz	4172655ddfe5dd78…	no_signature_available	9	fail	ok	0	473	0/7	0	0	reference-build-incompatible	-
1997f	tzdata1997f.tar.gz	8e127212db36db93…	no_signature_available	9	fail	ok	0	473	0/7	0	0	reference-build-incompatible	-
1997g	tzdata1997g.tar.gz	a6bb1b29a9e2288f…	no_signature_available	9	fail	ok	0	473	0/7	0	0	reference-build-incompatible	-
1997h	tzdata1997h.tar.gz	dba0f910df5fa9dc…	no_signature_available	9	fail	ok	0	473	0/7	0	0	reference-build-incompatible	-
1997i	tzdata1997i.tar.gz	aeb468b7f52097c4…	no_signature_available	9	fail	ok	0	473	0/7	0	0	reference-build-incompatible	-
1997j	tzdata1997j.tar.gz	7d5a15ec86a40cc8…	no_signature_available	9	fail	ok	0	473	0/7	0	0	reference-build-incompatible	-
1997k	tzdata1997k.tar.gz	c05ff9b2576f9650…	no_signature_available	9	fail	ok	0	473	0/7	0	0	reference-build-incompatible	-
1998a	tzdata1998a.tar.gz	066479d0da15f3fb…	no_signature_available	9	fail	ok	0	473	0/7	0	0	reference-build-incompatible	-
1998b	tzdata1998b.tar.gz	4313a44490b8ec8e…	no_signature_available	9	fail	ok	0	473	0/7	0	0	reference-build-incompatible	-
1998c	tzdata1998c.tar.gz	554807903af35438…	no_signature_available	9	fail	ok	0	473	0/7	0	0	reference-build-incompatible	-
1998d	tzdata1998d.tar.gz	8991a7066d46f230…	no_signature_available	9	fail	ok	0	473	0/7	0	0	reference-build-incompatible	-
1998e	tzdata1998e.tar.gz	8bdd9ae68bc39cb2…	no_signature_available	9	fail	ok	0	474	0/7	0	0	reference-build-incompatible	-
1998h	tzdata1998h.tar.gz	860728777a740bba…	no_signature_available	9	fail	ok	0	478	0/7	0	0	reference-build-incompatible	-
1998i	tzdata1998i.tar.gz	d2dde4ba94058ba2…	no_signature_available	9	fail	ok	0	478	0/7	0	0	reference-build-incompatible	-
1999a	tzdata1999a.tar.gz	ae74120ccb18998e…	no_signature_available	9	fail	ok	0	478	0/7	0	0	reference-build-incompatible	-
1999b	tzdata1999b.tar.gz	d18af887eac875bd…	no_signature_available	9	fail	ok	0	480	0/7	0	0	reference-build-incompatible	-
1999c	tzdata1999c.tar.gz	7d3f04a9a6ed8e1a…	no_signature_available	9	fail	ok	0	481	0/7	0	0	reference-build-incompatible	-
1999d	tzdata1999d.tar.gz	42b558313ecf1e4e…	no_signature_available	9	fail	ok	0	481	0/7	0	0	reference-build-incompatible	-
1999e	tzdata1999e.tar.gz	d1189cc273a65508…	no_signature_available	9	fail	ok	0	481	0/7	0	0	reference-build-incompatible	-
1999f	tzdata1999f.tar.gz	c710988ec840f8c2…	no_signature_available	9	fail	ok	0	482	0/7	0	0	reference-build-incompatible	-
1999g	tzdata1999g.tar.gz	63c60c56d256a59c…	no_signature_available	9	fail	ok	0	480	0/7	0	0	reference-build-incompatible	-
1999h	tzdata1999h.tar.gz	073e16f4bfcf2f4b…	no_signature_available	9	fail	ok	0	480	0/7	0	0	reference-build-incompatible	-
1999i	tzdata1999i.tar.gz	1026cdf0e426202a…	no_signature_available	9	fail	ok	0	482	0/7	0	0	reference-build-incompatible	-
1999j	tzdata1999j.tar.gz	4b3c7b2146bf247f…	no_signature_available	9	fail	ok	0	484	0/7	0	0	reference-build-incompatible	-
2000a	tzdata2000a.tar.gz	da127977a0bd4832…	no_signature_available	9	fail	ok	0	490	0/7	0	0	reference-build-incompatible	-
2000b	tzdata2000b.tar.gz	7b0a6e582b097310…	no_signature_available	9	fail	ok	0	487	0/7	0	0	reference-build-incompatible	-
2000c	tzdata2000c.tar.gz	263862e60d7c0ddf…	no_signature_available	9	fail	ok	0	488	0/7	0	0	reference-build-incompatible	-
2000d	tzdata2000d.tar.gz	287f1e87957cc79d…	no_signature_available	9	fail	ok	0	488	0/7	0	0	reference-build-incompatible	-
2000e	tzdata2000e.tar.gz	a121d69fd837a0e9…	no_signature_available	9	fail	ok	0	490	0/7	0	0	reference-build-incompatible	-
2000f	tzdata2000f.tar.gz	c70b89795dd46b06…	no_signature_available	9	ok	ok	495	490	7/7	7	0	match	-
2000g	tzdata2000g.tar.gz	41c608cbacd4a6cc…	no_signature_available	9	ok	ok	500	495	7/7	7	0	match	-
2000h	tzdata2000h.tar.gz	b69cdac966916791…	no_signature_available	9	ok	ok	503	498	7/7	7	0	match	-
2001a	tzdata2001a.tar.gz	49cd0f48fd1d7f81…	no_signature_available	9	ok	ok	505	500	7/7	7	0	match	-
2001b	tzdata2001b.tar.gz	9ec6c36fe2af023f…	no_signature_available	9	ok	ok	505	500	7/7	7	0	match	-
2001c	tzdata2001c.tar.gz	481ed23a9e705e0b…	no_signature_available	9	ok	ok	506	501	7/7	7	0	match	-
2001d	tzdata2001d.tar.gz	ef1b55d0d611a4be…	no_signature_available	9	ok	ok	511	506	7/7	7	0	match	-
2002b	tzdata2002b.tar.gz	d1a9d1c36b1d0874…	no_signature_available	9	ok	ok	514	509	7/7	7	0	match	-
2002c	tzdata2002c.tar.gz	f85e764207a693f8…	no_signature_available	9	ok	ok	515	509	7/7	7	0	match	-
2002d	tzdata2002d.tar.gz	357cebd44837bc25…	no_signature_available	9	ok	ok	515	509	7/7	7	0	match	-
2003a	tzdata2003a.tar.gz	d804af81f58ece4b…	no_signature_available	9	ok	ok	516	511	7/7	7	0	match	-
2003b	tzdata2003b.tar.gz	d62280b493eaabd0…	no_signature_available	9	ok	ok	516	511	7/7	7	0	match	-
2003c	tzdata2003c.tar.gz	aeb4aa79d15d5b4a…	no_signature_available	9	ok	ok	516	511	7/7	7	0	match	-
2003d	tzdata2003d.tar.gz	6f9eb3f50ac11499…	no_signature_available	9	ok	ok	519	514	7/7	7	0	match	-
2003e	tzdata2003e.tar.gz	0a1216c18395ec1d…	no_signature_available	9	ok	ok	519	514	7/7	7	0	match	-
2004a	tzdata2004a.tar.gz	ad07c4ab84ea8c87…	no_signature_available	9	ok	ok	519	514	7/7	7	0	match	-
2004b	tzdata2004b.tar.gz	2e0b133c09b35632…	no_signature_available	9	ok	ok	531	526	7/7	7	0	match	-
2004d	tzdata2004d.tar.gz	5f29f06a404cfc43…	no_signature_available	9	ok	ok	531	526	7/7	7	0	match	-
2004e	tzdata2004e.tar.gz	1c50a26f165f38cf…	no_signature_available	9	ok	ok	531	526	7/7	7	0	match	-
2004g	tzdata2004g.tar.gz	950efec3d662b31f…	no_signature_available	9	ok	ok	531	526	7/7	7	0	match	-
2005a	tzdata2005a.tar.gz	5157c42015c80680…	no_signature_available	9	ok	ok	531	526	7/7	7	0	match	-
2005b	tzdata2005b.tar.gz	6a4bc268eff4e4ce…	no_signature_available	9	ok	ok	531	526	7/7	7	0	match	-
2005c	tzdata2005c.tar.gz	9d883f614f6a73ce…	no_signature_available	9	ok	ok	531	529	7/7	7	0	match	-
2005e	tzdata2005e.tar.gz	54fa34db60e0d867…	no_signature_available	9	ok	ok	531	529	7/7	7	0	match	-
2005f	tzdata2005f.tar.gz	1ce924ac48678710…	no_signature_available	9	ok	ok	531	529	7/7	7	0	match	-
2005g	tzdata2005g.tar.gz	60e842ee850a0910…	no_signature_available	9	ok	ok	531	529	7/7	7	0	match	-
2005h	tzdata2005h.tar.gz	6e6a21957097f8c7…	no_signature_available	9	ok	ok	531	529	7/7	7	0	match	-
2005i	tzdata2005i.tar.gz	8f416e8816d4ee3a…	no_signature_available	9	ok	ok	531	529	7/7	7	0	match	-
2005j	tzdata2005j.tar.gz	0d5a71126fe16439…	no_signature_available	9	ok	ok	531	529	7/7	7	0	match	-
2005k	tzdata2005k.tar.gz	c091080e1562a6c3…	no_signature_available	9	ok	ok	531	529	7/7	7	0	match	-
2005l	tzdata2005l.tar.gz	9fca3fd22acc1a84…	no_signature_available	9	ok	ok	533	531	7/7	7	0	match	-
2005m	tzdata2005m.tar.gz	406a84f30884e6dc…	no_signature_available	9	ok	ok	533	531	7/7	7	0	match	-
2005n	tzdata2005n.tar.gz	3a9d172a56f6535f…	no_signature_available	9	ok	ok	533	531	7/7	7	0	match	-
2005o	tzdata2005o.tar.gz	f8dc475e443e259e…	no_signature_available	9	ok	ok	533	530	7/7	7	0	match	-
2005p	tzdata2005p.tar.gz	d0713c9e0e999901…	no_signature_available	9	ok	ok	533	530	7/7	7	0	match	-
2005q	tzdata2005q.tar.gz	d260f2a89499c2ca…	no_signature_available	9	ok	ok	533	530	7/7	7	0	match	-
2005r	tzdata2005r.tar.gz	5cd4058b54fd2ce9…	no_signature_available	9	ok	ok	533	530	7/7	7	0	match	-
2006a	tzdata2006a.tar.gz	76c5d3b373c8f659…	no_signature_available	9	ok	ok	536	533	7/7	7	0	match	-
2006b	tzdata2006b.tar.gz	aab3cf0e8c9db27d…	no_signature_available	9	ok	ok	536	533	7/7	7	0	match	-
2006c	tzdata2006c.tar.gz	54f07a727eff281c…	no_signature_available	9	ok	ok	537	534	7/7	7	0	match	-
2006d	tzdata2006d.tar.gz	67993be3fd800f82…	no_signature_available	9	ok	ok	537	534	7/7	7	0	match	-
2006f	tzdata2006f.tar.gz	95eb97eae2efbd35…	no_signature_available	9	ok	ok	537	534	7/7	7	0	match	-
2006g	tzdata2006g.tar.gz	028a5d8bc3771876…	no_signature_available	9	ok	ok	537	534	7/7	7	0	match	-
2006j	tzdata2006j.tar.gz	afa77e59020f7d11…	no_signature_available	9	ok	ok	543	540	7/7	7	0	match	-
2006k	tzdata2006k.tar.gz	2d74ecaedd4a8b8c…	no_signature_available	9	ok	ok	543	540	7/7	7	0	match	-
2006l	tzdata2006l.tar.gz	b142459df80b724c…	no_signature_available	9	ok	ok	543	540	7/7	7	0	match	-
2006m	tzdata2006m.tar.gz	b0c42aa6e48d1eb4…	no_signature_available	9	ok	ok	543	540	7/7	7	0	match	-
2006n	tzdata2006n.tar.gz	406896398bb307ee…	no_signature_available	9	ok	ok	544	541	7/7	7	0	match	-
2006o	tzdata2006o.tar.gz	89637e234141fb03…	no_signature_available	9	ok	ok	544	541	7/7	7	0	match	-
2006p	tzdata2006p.tar.gz	6b246374b468d8ea…	no_signature_available	9	ok	ok	544	541	7/7	7	0	match	-
2007a	tzdata2007a.tar.gz	7866826c0fd0810a…	no_signature_available	9	ok	ok	547	544	7/7	7	0	match	-
2007b	tzdata2007b.tar.gz	f1dcc1c615a792c0…	no_signature_available	9	ok	ok	547	544	7/7	7	0	match	-
2007c	tzdata2007c.tar.gz	3575df0a341fef53…	no_signature_available	9	ok	ok	548	545	7/7	7	0	match	-
2007d	tzdata2007d.tar.gz	33e6f84422c84bc0…	no_signature_available	9	ok	ok	549	546	7/7	7	0	match	-
2007e	tzdata2007e.tar.gz	51d14a60ea12aa90…	no_signature_available	9	ok	ok	549	546	7/7	7	0	match	-
2007f	tzdata2007f.tar.gz	cfedfd49351d41da…	no_signature_available	9	ok	ok	549	546	7/7	7	0	match	-
2007g	tzdata2007g.tar.gz	082943adc009753b…	no_signature_available	9	ok	ok	550	547	7/7	7	0	match	-
2007h	tzdata2007h.tar.gz	8f16f0db83073c8c…	no_signature_available	9	ok	ok	550	547	7/7	7	0	match	-
2007i	tzdata2007i.tar.gz	70bb254ae0da44d7…	no_signature_available	9	ok	ok	550	548	7/7	7	0	match	-
2007j	tzdata2007j.tar.gz	0319a3dc08f05a92…	no_signature_available	9	ok	ok	552	550	7/7	7	0	match	-
2007k	tzdata2007k.tar.gz	37e986086ce1a1cc…	no_signature_available	9	ok	ok	552	550	7/7	7	0	match	-
2008a	tzdata2008a.tar.gz	104a270bdc7a511c…	no_signature_available	9	ok	fail	552	0	7/7	0	7	source-shape-incompatible	zrs-skipped:Etc/UTC
2008b	tzdata2008b.tar.gz	633d76612d73a7ad…	no_signature_available	9	ok	fail	555	0	7/7	0	7	source-shape-incompatible	zrs-skipped:Etc/UTC
2008c	tzdata2008c.tar.gz	ae32f514a57bbd4d…	no_signature_available	9	ok	fail	555	0	7/7	0	7	source-shape-incompatible	zrs-skipped:Etc/UTC
2008d	tzdata2008d.tar.gz	913b384dfcf541d3…	no_signature_available	9	ok	ok	556	554	7/7	7	0	match	-
2008e	tzdata2008e.tar.gz	ddd526edfaf0d43f…	no_signature_available	9	ok	ok	556	554	7/7	7	0	match	-
2008f	tzdata2008f.tar.gz	81e0d0d86acd072f…	no_signature_available	9	ok	ok	556	554	7/7	7	0	match	-
2008g	tzdata2008g.tar.gz	78a90cf70e9cd661…	no_signature_available	9	ok	ok	556	554	7/7	7	0	match	-
2008h	tzdata2008h.tar.gz	64070f1f31ab64f6…	no_signature_available	9	ok	ok	556	554	7/7	7	0	match	-
2008i	tzdata2008i.tar.gz	ec8824897cc79308…	no_signature_available	9	ok	ok	557	555	7/7	7	0	match	-
2009a	tzdata2009a.tar.gz	c704d5a99f4e995b…	no_signature_available	9	ok	ok	558	555	7/7	7	0	match	-
2009b	tzdata2009b.tar.gz	f2c4e8f816a1e15c…	no_signature_available	9	ok	ok	558	555	7/7	7	0	match	-
2009c	tzdata2009c.tar.gz	3dd1bd0014e7c9a7…	no_signature_available	9	ok	ok	558	555	7/7	7	0	match	-
2009d	tzdata2009d.tar.gz	f884ff8af90824ca…	no_signature_available	9	ok	fail	558	0	7/7	0	7	source-shape-incompatible	zrs-skipped:Etc/UTC
2009e	tzdata2009e.tar.gz	6f4e88fefd72b9ed…	no_signature_available	9	ok	fail	558	0	7/7	0	7	source-shape-incompatible	zrs-skipped:Etc/UTC
2009f	tzdata2009f.tar.gz	654b309a0c130a15…	no_signature_available	9	ok	fail	558	0	7/7	0	7	source-shape-incompatible	zrs-skipped:Etc/UTC
2009g	tzdata2009g.tar.gz	da033acc418328ed…	no_signature_available	9	ok	fail	558	0	7/7	0	7	source-shape-incompatible	zrs-skipped:Etc/UTC
2009h	tzdata2009h.tar.gz	4eaa785fccc13fe2…	no_signature_available	9	ok	fail	558	0	7/7	0	7	source-shape-incompatible	zrs-skipped:Etc/UTC
2009i	tzdata2009i.tar.gz	475b52311b2e0267…	no_signature_available	9	ok	fail	558	0	7/7	0	7	source-shape-incompatible	zrs-skipped:Etc/UTC
2009j	tzdata2009j.tar.gz	ab6fb5b3588208ab…	no_signature_available	9	ok	fail	558	0	7/7	0	7	source-shape-incompatible	zrs-skipped:Etc/UTC
2009k	tzdata2009k.tar.gz	fa82480e7e291b22…	no_signature_available	9	ok	fail	558	0	7/7	0	7	source-shape-incompatible	zrs-skipped:Etc/UTC
2009l	tzdata2009l.tar.gz	a0caab89a4526113…	no_signature_available	9	ok	fail	558	0	7/7	0	7	source-shape-incompatible	zrs-skipped:Etc/UTC
2009m	tzdata2009m.tar.gz	7609980204940cea…	no_signature_available	9	ok	fail	558	0	7/7	0	7	source-shape-incompatible	zrs-skipped:Etc/UTC
2009n	tzdata2009n.tar.gz	7b08bb8a98ad8a06…	no_signature_available	9	ok	fail	558	0	7/7	0	7	source-shape-incompatible	zrs-skipped:Etc/UTC
2009o	tzdata2009o.tar.gz	5fbd4053a4eb01b8…	no_signature_available	9	ok	fail	558	0	7/7	0	7	source-shape-incompatible	zrs-skipped:Etc/UTC
2009p	tzdata2009p.tar.gz	7182ad6f03bfe16c…	no_signature_available	9	ok	fail	558	0	7/7	0	7	source-shape-incompatible	zrs-skipped:Etc/UTC
2009q	tzdata2009q.tar.gz	5ea1abc8b08dd7f6…	no_signature_available	9	ok	fail	559	0	7/7	0	7	source-shape-incompatible	zrs-skipped:Etc/UTC
2009r	tzdata2009r.tar.gz	684d23e3ebe825c9…	no_signature_available	9	ok	fail	559	0	7/7	0	7	source-shape-incompatible	zrs-skipped:Etc/UTC
2009s	tzdata2009s.tar.gz	ee9000a0276675ed…	no_signature_available	9	ok	fail	559	0	7/7	0	7	source-shape-incompatible	zrs-skipped:Etc/UTC
2009t	tzdata2009t.tar.gz	e9968d213481d7a8…	no_signature_available	9	ok	fail	559	0	7/7	0	7	source-shape-incompatible	zrs-skipped:Etc/UTC
2009u	tzdata2009u.tar.gz	7cbd82597590ca27…	no_signature_available	9	ok	fail	559	0	7/7	0	7	source-shape-incompatible	zrs-skipped:Etc/UTC
2010a	tzdata2010a.tar.gz	d9dab04cbbc52a7f…	no_signature_available	9	ok	fail	559	0	7/7	0	7	source-shape-incompatible	zrs-skipped:Etc/UTC
2010b	tzdata2010b.tar.gz	a93208ae389cc0d3…	no_signature_available	9	ok	fail	562	0	7/7	0	7	source-shape-incompatible	zrs-skipped:Etc/UTC
2010c	tzdata2010c.tar.gz	e5fa92874b6f0511…	no_signature_available	9	ok	fail	562	0	7/7	0	7	source-shape-incompatible	zrs-skipped:Etc/UTC
2010d	tzdata2010d.tar.gz	c18916b1e0d91dd7…	no_signature_available	9	ok	fail	562	0	7/7	0	7	source-shape-incompatible	zrs-skipped:Etc/UTC
2010e	tzdata2010e.tar.gz	09ebe8787560ef0a…	no_signature_available	9	ok	fail	562	0	7/7	0	7	source-shape-incompatible	zrs-skipped:Etc/UTC
2010f	tzdata2010f.tar.gz	823361e38da3f79a…	no_signature_available	9	ok	fail	563	0	7/7	0	7	source-shape-incompatible	zrs-skipped:Etc/UTC
2010g	tzdata2010g.tar.gz	a069dbea29896134…	no_signature_available	9	ok	fail	563	0	7/7	0	7	source-shape-incompatible	zrs-skipped:Etc/UTC
2010h	tzdata2010h.tar.gz	a4918d60f63440ba…	no_signature_available	9	ok	fail	563	0	7/7	0	7	source-shape-incompatible	zrs-skipped:Etc/UTC
2010i	tzdata2010i.tar.gz	bee0a26cca54db34…	no_signature_available	9	ok	fail	563	0	7/7	0	7	source-shape-incompatible	zrs-skipped:Etc/UTC
2010j	tzdata2010j.tar.gz	dcf2101d0c5bb20a…	no_signature_available	9	ok	fail	564	0	7/7	0	7	source-shape-incompatible	zrs-skipped:Etc/UTC
2010k	tzdata2010k.tar.gz	ef69c99504c0fd98…	no_signature_available	9	ok	fail	566	0	7/7	0	7	source-shape-incompatible	zrs-skipped:Etc/UTC
2010l	tzdata2010l.tar.gz	bae7b4a8364f7ab3…	no_signature_available	9	ok	fail	566	0	7/7	0	7	source-shape-incompatible	zrs-skipped:Etc/UTC
2010m	tzdata2010m.tar.gz	1454a13a32e23e81…	no_signature_available	9	ok	fail	566	0	7/7	0	7	source-shape-incompatible	zrs-skipped:Etc/UTC
2010n	tzdata2010n.tar.gz	5946bff5cef28fed…	no_signature_available	9	ok	fail	566	0	7/7	0	7	source-shape-incompatible	zrs-skipped:Etc/UTC
2010o	tzdata2010o.tar.gz	cd0f3799688b3b87…	no_signature_available	9	ok	fail	566	0	7/7	0	7	source-shape-incompatible	zrs-skipped:Etc/UTC
2011a	tzdata2011a.tar.gz	782c691b4750bdef…	no_signature_available	9	ok	fail	566	0	7/7	0	7	source-shape-incompatible	zrs-skipped:Etc/UTC
2011b	tzdata2011b.tar.gz	ff45f5ddc2ec9252…	no_signature_available	9	ok	fail	567	0	7/7	0	7	source-shape-incompatible	zrs-skipped:Etc/UTC
2011c	tzdata2011c.tar.gz	c08fbf767280a6f6…	no_signature_available	9	ok	fail	569	0	7/7	0	7	source-shape-incompatible	zrs-skipped:Etc/UTC
2011d	tzdata2011d.tar.gz	415a54774094e8dc…	no_signature_available	9	ok	fail	569	0	7/7	0	7	source-shape-incompatible	zrs-skipped:Etc/UTC
2011e	tzdata2011e.tar.gz	44fef01de4589a49…	no_signature_available	9	ok	fail	569	0	7/7	0	7	source-shape-incompatible	zrs-skipped:Etc/UTC
2011f	tzdata2011f.tar.gz	9b7431f25afbc154…	no_signature_available	9	ok	fail	569	0	7/7	0	7	source-shape-incompatible	zrs-skipped:Etc/UTC
2011g	tzdata2011g.tar.gz	01a2a189eeda63ba…	no_signature_available	9	ok	fail	569	0	7/7	0	7	source-shape-incompatible	zrs-skipped:Etc/UTC
2011h	tzdata2011h.tar.gz	c098786d053736dd…	no_signature_available	9	ok	fail	571	0	7/7	0	7	source-shape-incompatible	zrs-skipped:Etc/UTC
2011i	tzdata2011i.tar.gz	f8dde7ca5e61f21a…	no_signature_available	9	ok	fail	572	0	7/7	0	7	source-shape-incompatible	zrs-skipped:Etc/UTC
2011j	tzdata2011j.tar.gz	7e8540a85f1b474d…	no_signature_available	9	ok	fail	572	0	7/7	0	7	source-shape-incompatible	zrs-skipped:Etc/UTC
2011k	tzdata2011k.tar.gz	51f7d2a42b7fb946…	no_signature_available	9	ok	fail	573	0	7/7	0	7	source-shape-incompatible	zrs-skipped:Etc/UTC
2011l	tzdata2011l.tar.gz	cb9fec68a19c9c3b…	no_signature_available	9	ok	fail	573	0	7/7	0	7	source-shape-incompatible	zrs-skipped:Etc/UTC
2011m	tzdata2011m.tar.gz	c8e01f5b4a3cd8b8…	no_signature_available	9	ok	fail	573	0	7/7	0	7	source-shape-incompatible	zrs-skipped:Etc/UTC
2011n	tzdata2011n.tar.gz	a343e542486b2b8e…	no_signature_available	9	ok	fail	573	0	7/7	0	7	source-shape-incompatible	zrs-skipped:Etc/UTC
2012a	tzdata2012a.tar.gz	c28f731e19e7b612…	no_signature_available	9	ok	fail	574	0	7/7	0	7	source-shape-incompatible	zrs-skipped:Etc/UTC
2012b	tzdata2012b.tar.gz	2f9f8e2d1ae087be…	no_signature_available	9	ok	fail	574	0	7/7	0	7	source-shape-incompatible	zrs-skipped:Etc/UTC
2012c	tzdata2012c.tar.gz	33e19e1dd27bda52…	no_signature_available	9	ok	fail	574	0	7/7	0	7	source-shape-incompatible	zrs-skipped:Etc/UTC
2012d	tzdata2012d.tar.gz	46c0e92a7aa89c3c…	no_signature_available	9	ok	fail	574	0	7/7	0	7	source-shape-incompatible	zrs-skipped:Etc/UTC
2012e	tzdata2012e.tar.gz	061c1c289e792f36…	no_signature_available	9	ok	fail	574	0	7/7	0	7	source-shape-incompatible	zrs-skipped:Etc/UTC
2012f	tzdata2012f.tar.gz	afe95a49a445ee55…	no_signature_available	9	ok	fail	574	0	7/7	0	7	source-shape-incompatible	zrs-skipped:Etc/UTC
2012g	tzdata2012g.tar.gz	9a82e74f798d69c1…	no_signature_available	9	ok	fail	574	0	7/7	0	7	source-shape-incompatible	zrs-skipped:Etc/UTC
2012h	tzdata2012h.tar.gz	65e53218eff4f71f…	sign_available_legacy	9	ok	fail	574	0	7/7	0	7	source-shape-incompatible	zrs-skipped:Etc/UTC
2012i	tzdata2012i.tar.gz	c9e5b6b6a2031236…	sign_available_legacy	9	ok	fail	574	0	7/7	0	7	source-shape-incompatible	zrs-skipped:Etc/UTC
2012j	tzdata2012j.tar.gz	4b6a3c2831bdbb68…	asc_available	9	ok	fail	574	0	7/7	0	7	source-shape-incompatible	zrs-skipped:Etc/UTC
2013a	tzdata2013a.tar.gz	ed9f273f52d5df9e…	asc_available	9	ok	ok	577	577	7/7	7	0	match	-
2013b	tzdata2013b.tar.gz	70d589d0e76a3749…	asc_available	9	ok	ok	577	577	7/7	7	0	match	-
2013c	tzdata2013c.tar.gz	e597a7eb239155eb…	asc_available	9	ok	ok	577	577	7/7	7	0	match	-
2013d	tzdata2013d.tar.gz	cd1c96f0676e0edc…	asc_available	9	ok	ok	577	577	7/7	7	0	match	-
2013e	tzdata2013e.tar.gz	d02891fbcca61d52…	asc_available	9	ok	ok	577	577	7/7	7	0	match	-
2013f	tzdata2013f.tar.gz	5b72ed29bea75e0b…	asc_available	9	ok	ok	577	577	7/7	7	0	match	-
2013g	tzdata2013g.tar.gz	b6cdd3998dcc732a…	asc_available	9	ok	ok	577	576	7/7	7	0	match	-
2013h	tzdata2013h.tar.gz	6b9e17e823eec0e0…	asc_available	9	ok	ok	577	577	7/7	7	0	match	-
2013i	tzdata2013i.tar.gz	1cd56a6ee964143e…	asc_available	9	ok	ok	577	577	7/7	7	0	match	-
2014a	tzdata2014a.tar.gz	7cff254ce85e11b2…	asc_available	9	ok	ok	577	577	7/7	7	0	match	-
2014b	tzdata2014b.tar.gz	d1e1f3e0c253a8ac…	asc_available	9	ok	ok	578	578	7/7	7	0	match	-
2014c	tzdata2014c.tar.gz	aa2924e012644de3…	asc_available	9	ok	ok	578	578	7/7	7	0	match	-
2014d	tzdata2014d.tar.gz	4b4966912f5d4a29…	asc_available	9	ok	ok	578	578	7/7	7	0	match	-
2014e	tzdata2014e.tar.gz	08e243a79051f838…	asc_available	9	ok	ok	578	578	7/7	7	0	match	-
2014f	tzdata2014f.tar.gz	eed690a72124f380…	asc_available	9	ok	ok	580	580	7/7	7	0	match	-
2014g	tzdata2014g.tar.gz	5547d5b7a982f7f5…	asc_available	9	ok	ok	580	580	7/7	7	0	match	-
2014h	tzdata2014h.tar.gz	e78152f616fb07c1…	asc_available	9	ok	ok	580	580	7/7	7	0	match	-
2014i	tzdata2014i.tar.gz	2af331bdd2b794ec…	asc_available	9	ok	ok	581	581	7/7	7	0	match	-
2014j	tzdata2014j.tar.gz	a2d870320694d405…	asc_available	9	ok	ok	581	581	7/7	7	0	match	-
2015a	tzdata2015a.tar.gz	c52490917d00a8e7…	asc_available	9	ok	ok	581	581	7/7	7	0	match	-
2015b	tzdata2015b.tar.gz	556ac1a5b3a371ad…	asc_available	9	ok	ok	581	581	7/7	7	0	match	-
2015c	tzdata2015c.tar.gz	860fac5f5f57f7a2…	asc_available	9	ok	ok	581	581	7/7	7	0	match	-
2015d	tzdata2015d.tar.gz	8b9f5008277f09e2…	asc_available	9	ok	ok	581	581	7/7	7	0	match	-
2015e	tzdata2015e.tar.gz	ffc9b5d38abda827…	asc_available	9	ok	ok	581	581	7/7	7	0	match	-
2015f	tzdata2015f.tar.gz	959f81b541e042ec…	asc_available	9	ok	ok	581	581	7/7	7	0	match	-
2015g	tzdata2015g.tar.gz	b923cdbf07849169…	asc_available	9	ok	ok	582	582	7/7	7	0	match	-
2016a	tzdata2016a.tar.gz	5efa6b324e64ef92…	asc_available	9	ok	ok	582	580	7/7	7	0	match	-
2016b	tzdata2016b.tar.gz	6392091d92556a32…	asc_available	9	ok	ok	585	583	7/7	7	0	match	-
2016c	tzdata2016c.tar.gz	8700d981e6f2007a…	asc_available	9	ok	ok	585	583	7/7	7	0	match	-
2016d	tzdata2016d.tar.gz	d9554dfba0efd760…	asc_available	9	ok	ok	587	585	7/7	7	0	match	-
2016e	tzdata2016e.tar.gz	ba00f899f18dc404…	asc_available	9	ok	ok	587	585	7/7	7	0	match	-
2016f	tzdata2016f.tar.gz	ed8c951008d12f1d…	asc_available	9	ok	ok	587	585	7/7	7	0	match	-
2016g	tzdata2016g.tar.gz	3c7137b2bc47323b…	asc_available	9	ok	ok	588	585	7/7	7	0	match	-
2016h	tzdata2016h.tar.gz	da1b74fc2dec2ce8…	asc_available	9	ok	ok	588	584	7/7	7	0	match	-
2016i	tzdata2016i.tar.gz	b6966ec982ef64fe…	asc_available	9	ok	ok	589	585	7/7	7	0	match	-
2016j	tzdata2016j.tar.gz	f5ee4e0f115f6c2f…	asc_available	9	ok	ok	591	587	7/7	7	0	match	-
2017a	tzdata2017a.tar.gz	df3a5c4d0a2cf0cd…	asc_available	9	ok	ok	592	589	7/7	7	0	match	-
2017b	tzdata2017b.tar.gz	f8242a522ea3496b…	asc_available	9	ok	ok	592	589	7/7	7	0	match	-
2017c	tzdata2017c.tar.gz	d6543f92a9298263…	asc_available	9	ok	ok	591	588	7/7	7	0	match	-
2018a	tzdata2018a.tar.gz	d2ea23a06783603a…	asc_available	9	ok	ok	591	588	7/7	7	0	match	-
2018b	tzdata2018b.tar.gz	f87540b9050e1b0d…	asc_available	9	ok	ok	591	588	7/7	7	0	match	-
2018c	tzdata2018c.tar.gz	2825c3e4b7ef520f…	asc_available	9	ok	ok	591	588	7/7	7	0	match	-
2018d	tzdata2018d.tar.gz	5106eddceb5f1ae3…	asc_available	9	ok	ok	591	588	7/7	7	0	match	-
2018e	tzdata2018e.tar.gz	6b288e5926841a4c…	asc_available	9	ok	ok	591	588	7/7	7	0	match	-
2018f	tzdata2018f.tar.gz	0af6a85fc4ea9583…	asc_available	9	ok	ok	591	588	7/7	7	0	match	-
2018g	tzdata2018g.tar.gz	02dfde534872f651…	asc_available	9	ok	ok	591	588	7/7	7	0	match	-
2018h	tzdata2018h.tar.gz	b8cbcf3e46aed30a…	asc_available	9	ok	ok	592	589	7/7	7	0	match	-
2018i	tzdata2018i.tar.gz	82c45ef84ca3bc01…	asc_available	9	ok	ok	592	589	7/7	7	0	match	-
2019a	tzdata2019a.tar.gz	90366ddf4aa03e37…	asc_available	9	ok	ok	592	589	7/7	7	0	match	-
2019b	tzdata2019b.tar.gz	05d9092c90dcf9ec…	asc_available	9	ok	ok	592	589	7/7	7	0	match	-
2019c	tzdata2019c.tar.gz	79c7806dab090723…	asc_available	9	ok	ok	592	589	7/7	7	0	match	-
2020a	tzdata2020a.tar.gz	547161eca24d344e…	asc_available	9	ok	ok	593	590	7/7	7	0	match	-
2020b	tzdata2020b.tar.gz	9b053f951d245ce8…	asc_available	9	ok	ok	593	590	7/7	7	0	match	-
2020c	tzdata2020c.tar.gz	7890ac105f1aa4a5…	asc_available	9	ok	ok	593	590	7/7	7	0	match	-
2020d	tzdata2020d.tar.gz	8d813957de363387…	asc_available	9	ok	ok	593	590	7/7	7	0	match	-
2020e	tzdata2020e.tar.gz	0be1ba329eae29ae…	asc_available	9	ok	ok	593	590	7/7	7	0	match	-
2020f	tzdata2020f.tar.gz	121131918c3ae6dc…	asc_available	9	ok	ok	593	590	7/7	7	0	match	-
2021a	tzdata2021a.tar.gz	39e7d2ba08c68cba…	asc_available	9	ok	ok	593	590	7/7	7	0	match	-
2021b	tzdata2021b.tar.gz	53d9e6dbdb59dffe…	asc_available	9	ok	ok	594	591	7/7	7	0	match	-
2021c	tzdata2021c.tar.gz	b4f1d1c8cb11c350…	asc_available	9	ok	ok	594	591	7/7	7	0	match	-
2021d	tzdata2021d.tar.gz	d7c188a2b33d4a3c…	asc_available	9	ok	ok	594	591	7/7	7	0	match	-
2021e	tzdata2021e.tar.gz	07ec42b737d0d3c6…	asc_available	9	ok	ok	594	591	7/7	7	0	match	-
2022a	tzdata2022a.tar.gz	ef7fffd9f4f50f4f…	asc_available	9	ok	ok	594	591	7/7	7	0	match	-
2022b	tzdata2022b.tar.gz	f590eaf04a395245…	asc_available	9	ok	ok	595	595	7/7	7	0	match	-
2022c	tzdata2022c.tar.gz	6974f4e348bf2323…	asc_available	9	ok	ok	595	595	7/7	7	0	match	-
2022d	tzdata2022d.tar.gz	6ecdbee27fa43dcf…	asc_available	9	ok	ok	595	595	7/7	7	0	match	-
2022e	tzdata2022e.tar.gz	8de4c2686dce3d1a…	asc_available	9	ok	ok	595	595	7/7	7	0	match	-
2022f	tzdata2022f.tar.gz	9990d71f675d2125…	asc_available	9	ok	ok	595	595	7/7	7	0	match	-
2022g	tzdata2022g.tar.gz	4491db8281ae94a8…	asc_available	9	ok	ok	596	596	7/7	7	0	match	-
2023a	tzdata2023a.tar.gz	a2a27edb7af5a384…	asc_available	9	ok	ok	596	596	7/7	7	0	match	-
2023b	tzdata2023b.tar.gz	9b78fd264f95611f…	asc_available	9	ok	ok	596	596	7/7	7	0	match	-
2023c	tzdata2023c.tar.gz	3f510b5d1b4ae9bb…	asc_available	9	ok	ok	596	596	7/7	7	0	match	-
2023d	tzdata2023d.tar.gz	dbca21970b0a8b8c…	asc_available	9	ok	ok	596	596	7/7	7	0	match	-
2024a	tzdata2024a.tar.gz	0d0434459acbd205…	asc_available	9	ok	ok	596	596	7/7	7	0	match	-
2024b	tzdata2024b.tar.gz	70e754db126a8d0d…	asc_available	9	ok	ok	596	596	7/7	7	0	match	-
2025a	tzdata2025a.tar.gz	4d5fcbc72c7c450e…	asc_available	9	ok	ok	596	596	7/7	7	0	match	-
2025b	tzdata2025b.tar.gz	11810413345fc780…	asc_available	9	ok	ok	597	597	7/7	7	0	match	-
2025c	tzdata2025c.tar.gz	4aa79e4effee53fc…	asc_available	9	ok	ok	597	597	7/7	7	0	match	-
2026a	tzdata2026a.tar.gz	77b541725937bb53…	asc_available	9	ok	ok	597	597	7/7	7	0	match	-
2026b	tzdata2026b.tar.gz	114543d9f19a6bfe…	asc_available	9	ok	ok	597	597	7/7	7	0	match	-
93b	tzdata93b.tar.Z	9c8e09e49829315f…	no_signature_available	8	fail	ok	0	109	0/7	0	0	reference-build-incompatible	-
93c	tzdata93c.tar.Z	e674f6c6563cc389…	no_signature_available	8	fail	ok	0	109	0/7	0	0	reference-build-incompatible	-
93d	tzdata93d.tar.Z	84b76e13680188bd…	no_signature_available	8	fail	ok	0	109	0/7	0	0	reference-build-incompatible	-
93e	tzdata93e.tar.Z	cbfad3bfac6c4865…	no_signature_available	8	fail	ok	0	110	0/7	0	0	reference-build-incompatible	-
93f	tzdata93f.tar.Z	46a495a6e82fbb29…	no_signature_available	8	fail	ok	0	111	0/7	0	0	reference-build-incompatible	-
93g	tzdata93g.tar.gz	453cd56c946c0f0c…	no_signature_available	9	fail	ok	0	377	0/7	0	0	reference-build-incompatible	-
94a	tzdata94a.tar.gz	402e8b5e7a713bde…	no_signature_available	9	fail	ok	0	377	0/7	0	0	reference-build-incompatible	-
94b	tzdata94b.tar.gz	4357581dc85487bc…	no_signature_available	9	fail	ok	0	379	0/7	0	0	reference-build-incompatible	-
94d	tzdata94d.tar.gz	5a9bb009b8423b3f…	no_signature_available	9	fail	ok	0	375	0/7	0	0	reference-build-incompatible	-
94e	tzdata94e.tar.gz	d02b6b758f50502d…	no_signature_available	9	fail	ok	0	377	0/7	0	0	reference-build-incompatible	-
94f	tzdata94f.tar.gz	803238ec721289aa…	no_signature_available	9	fail	ok	0	377	0/7	0	0	reference-build-incompatible	-
94h	tzdata94h.tar.gz	0df84818543f5378…	no_signature_available	9	fail	ok	0	380	0/7	0	0	reference-build-incompatible	-
95b	tzdata95b.tar.gz	f0e65427d2e88a11…	no_signature_available	9	fail	ok	0	383	0/7	0	0	reference-build-incompatible	-
95c	tzdata95c.tar.gz	ab8f40e112941ce9…	no_signature_available	9	fail	ok	0	381	0/7	0	0	reference-build-incompatible	-
95d	tzdata95d.tar.gz	85e3833cb9471de6…	no_signature_available	9	fail	ok	0	382	0/7	0	0	reference-build-incompatible	-
95e	tzdata95e.tar.gz	74a714c191327525…	no_signature_available	9	fail	ok	0	382	0/7	0	0	reference-build-incompatible	-
95f	tzdata95f.tar.gz	6f64cc52d9f9a508…	no_signature_available	9	fail	ok	0	382	0/7	0	0	reference-build-incompatible	-
95g	tzdata95g.tar.gz	48d06cc55d8007ff…	no_signature_available	9	fail	ok	0	382	0/7	0	0	reference-build-incompatible	-
95h	tzdata95h.tar.gz	f098b4cbfdaaa016…	no_signature_available	9	fail	ok	0	382	0/7	0	0	reference-build-incompatible	-
95i	tzdata95i.tar.gz	473d5caabf161135…	no_signature_available	9	fail	ok	0	382	0/7	0	0	reference-build-incompatible	-
95k	tzdata95k.tar.gz	668316a70eb8cc1a…	no_signature_available	9	fail	ok	0	389	0/7	0	0	reference-build-incompatible	-
95l	tzdata95l.tar.gz	f9c82e19c5837e73…	no_signature_available	9	fail	ok	0	390	0/7	0	0	reference-build-incompatible	-
95m	tzdata95m.tar.gz	3574961976fc9762…	no_signature_available	9	fail	ok	0	415	0/7	0	0	reference-build-incompatible	-
96a	tzdata96a.tar.gz	d5170a362e7409fa…	no_signature_available	9	fail	ok	0	415	0/7	0	0	reference-build-incompatible	-
96b	tzdata96b.tar.gz	af6f0b66475d977a…	no_signature_available	9	fail	ok	0	416	0/7	0	0	reference-build-incompatible	-
96c	tzdata96c.tar.gz	3edcf59c3f79acb3…	no_signature_available	9	fail	ok	0	416	0/7	0	0	reference-build-incompatible	-
96d	tzdata96d.tar.gz	afc72ab3d8205640…	no_signature_available	9	fail	ok	0	417	0/7	0	0	reference-build-incompatible	-
96e	tzdata96e.tar.gz	1751e9dd15dfec61…	no_signature_available	9	fail	ok	0	417	0/7	0	0	reference-build-incompatible	-
96h	tzdata96h.tar.gz	8264544985aaf12f…	no_signature_available	9	fail	ok	0	435	0/7	0	0	reference-build-incompatible	-
96i	tzdata96i.tar.gz	8a26fd4aa3e7bf47…	no_signature_available	9	fail	ok	0	447	0/7	0	0	reference-build-incompatible	-
96k	tzdata96k.tar.gz	02f8321a32361053…	no_signature_available	9	fail	ok	0	456	0/7	0	0	reference-build-incompatible	-
